17.690000534057617, 300.0, 300.0, 2.0199966430664062,TAKING_OFF
17.791000366210938, 300.0, 300.0, 4.0399932861328125,TAKING_OFF
17.891000747680664, 300.0, 300.0, 6.040000915527344,TAKING_OFF
17.992000579833984, 300.0, 300.0, 8.05999755859375,TAKING_OFF
18.090999603271484, 300.0, 300.0, 10.03997802734375,TAKING_OFF
18.191999435424805, 300.0, 300.0, 12.059974670410156,TAKING_OFF
18.290000915527344, 300.0, 300.0, 14.020004272460938,TAKING_OFF
18.389999389648438, 300.0, 300.0, 16.019973754882812,TAKING_OFF
18.496000289916992, 300.0, 300.0, 18.139991760253906,TAKING_OFF
18.593000411987305, 300.0, 300.0, 20.079994201660156,TAKING_OFF
18.690000534057617, 300.0, 300.0, 22.019996643066406,TAKING_OFF
18.790000915527344, 300.0, 300.0, 24.020004272460938,TAKING_OFF
18.89299964904785, 300.0, 300.0, 26.079978942871094,TAKING_OFF
18.992000579833984, 300.0, 300.0, 28.05999755859375,TAKING_OFF
19.09000015258789, 300.0, 300.0, 30.019989013671875,TAKING_OFF
19.19099998474121, 300.0, 300.0, 32.03998565673828,TAKING_OFF
19.290000915527344, 300.0, 300.0, 34.02000427246094,TAKING_OFF
19.393999099731445, 300.0, 300.0, 36.09996795654297,TAKING_OFF
19.490999221801758, 300.0, 300.0, 38.03997039794922,TAKING_OFF
19.590999603271484, 300.0, 300.0, 40.03997802734375,TAKING_OFF
19.690000534057617, 300.0, 300.0, 42.019996643066406,TAKING_OFF
19.790000915527344, 300.0, 300.0, 44.02000427246094,TAKING_OFF
19.891000747680664, 300.0, 300.0, 46.040000915527344,TAKING_OFF
19.98900032043457, 300.0, 300.0, 47.99999237060547,TAKING_OFF
20.09000015258789, 300.0, 300.0, 50.019989013671875,TAKING_OFF
20.190000534057617, 300.0, 300.0, 52.019996643066406,TAKING_OFF
20.290000915527344, 300.0, 300.0, 54.02000427246094,TAKING_OFF
20.392000198364258, 300.0, 300.0, 56.05998992919922,TAKING_OFF
20.489999771118164, 300.0, 300.0, 58.019981384277344,TAKING_OFF
20.59000015258789, 300.0, 300.0, 60.019989013671875,TAKING_OFF
20.690000534057617, 300.0, 300.0, 62.019996643066406,TAKING_OFF
20.79400062561035, 300.0, 300.0, 64.0999984741211,TAKING_OFF
20.889999389648438, 300.0, 300.0, 66.01997375488281,TAKING_OFF
20.989999771118164, 300.0, 300.0, 68.01998138427734,TAKING_OFF
21.090999603271484, 300.0, 300.0, 70.03997802734375,TAKING_OFF
21.190000534057617, 300.0, 300.0, 72.0199966430664,TAKING_OFF
21.290000915527344, 300.0, 300.0, 74.02000427246094,TAKING_OFF
21.389999389648438, 300.0, 300.0, 76.01997375488281,TAKING_OFF
21.490999221801758, 300.0, 300.0, 78.03997039794922,TAKING_OFF
21.59000015258789, 300.0, 300.0, 80.01998901367188,TAKING_OFF
21.69300079345703, 300.0, 300.0, 82.08000183105469,TAKING_OFF
21.791000366210938, 300.0, 300.0, 84.03999328613281,TAKING_OFF
21.891000747680664, 300.0, 300.0, 86.04000091552734,TAKING_OFF
21.990999221801758, 300.0, 300.0, 88.03997039794922,TAKING_OFF
22.089000701904297, 300.0, 300.0, 90.0,TAKING_OFF
22.18899917602539, 300.0, 300.0, 91.99996948242188,TAKING_OFF
22.290000915527344, 300.0, 300.0, 94.02000427246094,TAKING_OFF
22.391000747680664, 300.0, 300.0, 96.04000091552734,TAKING_OFF
22.490999221801758, 300.0, 300.0, 98.03997039794922,TAKING_OFF
22.593000411987305, 300.0, 300.0, 100.07999420166016,FLYING
22.69099998474121, 300.0, 300.0, 100.07999420166016,FLYING
22.79800033569336, 300.0, 300.0, 100.07999420166016,FLYING
22.891000747680664, 300.0, 300.0, 100.07999420166016,FLYING
22.98900032043457, 300.0, 300.0, 100.07999420166016,FLYING
23.090999603271484, 300.0, 300.0, 100.07999420166016,FLYING
23.19099998474121, 300.0, 300.0, 100.07999420166016,FLYING
23.288999557495117, 300.0, 300.0, 100.07999420166016,FLYING
23.388999938964844, 300.0, 300.0, 100.07999420166016,FLYING
23.48900032043457, 300.0, 300.0, 100.07999420166016,FLYING
23.5939998626709, 300.0, 300.0, 100.07999420166016,FLYING
23.69099998474121, 300.0, 300.0, 100.07999420166016,FLYING
23.790000915527344, 300.0, 300.0, 100.07999420166016,FLYING
23.888999938964844, 300.0, 300.0, 100.07999420166016,FLYING
23.98900032043457, 300.0, 300.0, 100.07999420166016,FLYING
24.091999053955078, 300.0, 300.0, 100.07999420166016,FLYING
24.19099998474121, 300.0, 300.0, 100.07999420166016,FLYING
24.288999557495117, 300.0, 300.0, 100.07999420166016,FLYING
24.389999389648438, 300.0, 300.0, 100.07999420166016,FLYING
24.489999771118164, 300.0, 300.0, 100.07999420166016,FLYING
24.589000701904297, 300.0, 300.0, 100.07999420166016,FLYING
24.69099998474121, 300.0, 300.0, 100.07999420166016,FLYING
24.790000915527344, 300.0, 300.0, 100.07999420166016,FLYING
24.888999938964844, 300.0, 300.0, 100.07999420166016,FLYING
24.989999771118164, 300.0, 300.0, 100.07999420166016,FLYING
25.090999603271484, 300.0, 300.0, 100.07999420166016,FLYING
25.19099998474121, 300.0, 300.0, 100.07999420166016,FLYING
25.291000366210938, 300.0, 300.0, 100.07999420166016,FLYING
25.389999389648438, 300.0, 300.0, 100.07999420166016,FLYING
25.489999771118164, 300.0, 300.0, 100.07999420166016,FLYING
25.59000015258789, 300.0, 300.0, 100.07999420166016,FLYING
25.690000534057617, 300.0, 300.0, 100.07999420166016,FLYING
25.79199981689453, 300.0, 300.0, 100.07999420166016,FLYING
25.888999938964844, 300.0, 300.0, 100.07999420166016,FLYING
25.992000579833984, 300.0, 300.0, 100.07999420166016,FLYING
26.09000015258789, 300.0, 300.0, 100.07999420166016,FLYING
26.19099998474121, 300.0, 300.0, 100.07999420166016,FLYING
26.290000915527344, 300.0, 300.0, 100.07999420166016,FLYING
26.389999389648438, 300.0, 300.0, 100.07999420166016,FLYING
26.493999481201172, 300.0, 300.0, 100.07999420166016,FLYING
26.590999603271484, 300.0, 300.0, 100.07999420166016,FLYING
26.690000534057617, 300.0, 300.0, 100.07999420166016,FLYING
26.790000915527344, 300.0, 300.0, 100.07999420166016,FLYING
26.889999389648438, 300.0, 300.0, 100.07999420166016,FLYING
26.989999771118164, 300.0, 300.0, 100.07999420166016,FLYING
27.090999603271484, 300.0, 300.0, 100.07999420166016,FLYING
27.190000534057617, 300.0, 300.0, 100.07999420166016,FLYING
27.29199981689453, 300.0, 300.0, 100.07999420166016,FLYING
27.39299964904785, 300.0, 300.0, 100.07999420166016,FLYING
27.489999771118164, 300.0, 300.0, 100.07999420166016,FLYING
27.589000701904297, 300.0, 300.0, 100.07999420166016,FLYING
27.690000534057617, 300.0, 300.0, 100.07999420166016,FLYING
27.790000915527344, 300.0, 300.0, 100.07999420166016,FLYING
27.891000747680664, 300.0, 300.0, 100.07999420166016,FLYING
27.990999221801758, 300.0, 300.0, 100.07999420166016,FLYING
28.089000701904297, 300.0, 300.0, 100.07999420166016,FLYING
28.190000534057617, 300.0, 300.0, 100.07999420166016,FLYING
28.291000366210938, 300.0, 300.0, 100.07999420166016,FLYING
28.389999389648438, 300.0, 300.0, 100.07999420166016,FLYING
28.493000030517578, 300.0, 300.0, 100.07999420166016,FLYING
28.591999053955078, 300.0, 300.0, 100.07999420166016,FLYING
28.68899917602539, 300.0, 300.0, 100.07999420166016,FLYING
28.788999557495117, 300.0, 300.0, 100.07999420166016,FLYING
28.889999389648438, 300.0, 300.0, 100.07999420166016,FLYING
28.992000579833984, 300.0, 300.0, 100.07999420166016,FLYING
29.091999053955078, 300.0, 300.0, 100.07999420166016,FLYING
29.19300079345703, 300.0, 300.0, 100.07999420166016,FLYING
29.295000076293945, 300.0, 300.0, 100.07999420166016,FLYING
29.389999389648438, 300.0, 300.0, 100.07999420166016,FLYING
29.489999771118164, 300.0, 300.0, 100.07999420166016,FLYING
29.59000015258789, 300.0, 300.0, 100.07999420166016,FLYING
29.69099998474121, 300.0, 300.0, 100.07999420166016,FLYING
29.788999557495117, 300.0, 300.0, 100.07999420166016,FLYING
29.891000747680664, 300.0, 300.0, 100.07999420166016,FLYING
29.992000579833984, 300.0, 300.0, 100.07999420166016,FLYING
30.09000015258789, 300.0, 300.0, 100.07999420166016,FLYING
30.190000534057617, 300.0, 300.0, 100.07999420166016,FLYING
30.291000366210938, 300.0, 300.0, 100.07999420166016,FLYING
30.391000747680664, 300.0, 300.0, 100.07999420166016,FLYING
30.48900032043457, 300.0, 300.0, 100.07999420166016,FLYING
30.593000411987305, 300.0, 300.0, 100.07999420166016,FLYING
30.69300079345703, 300.0, 300.0, 100.07999420166016,FLYING
30.790000915527344, 300.0, 300.0, 100.07999420166016,FLYING
30.889999389648438, 300.0, 300.0, 100.07999420166016,FLYING
30.98900032043457, 300.0, 300.0, 100.07999420166016,FLYING
31.09000015258789, 300.0, 300.0, 100.07999420166016,FLYING
31.19099998474121, 300.0, 300.0, 100.07999420166016,FLYING
31.290000915527344, 300.0, 300.0, 100.07999420166016,FLYING
31.389999389648438, 300.0, 300.0, 100.07999420166016,FLYING
31.489999771118164, 300.0, 300.0, 100.07999420166016,FLYING
31.589000701904297, 300.0, 300.0, 100.07999420166016,FLYING
31.69099998474121, 300.0, 300.0, 100.07999420166016,FLYING
31.790000915527344, 300.0, 300.0, 100.07999420166016,FLYING
31.888999938964844, 300.0, 300.0, 100.07999420166016,FLYING
31.993999481201172, 300.0, 300.0, 100.07999420166016,FLYING
32.09400177001953, 300.0, 300.0, 100.07999420166016,FLYING
32.191001892089844, 299.7228567940848, 298.7528555733817, 100.07999420166016,FLYING
32.290000915527344, 299.44000244140625, 297.1971566336495, 100.07999420166016,FLYING
32.388999938964844, 299.2278616768973, 295.57074410574774, 100.07999420166016,FLYING
32.4900016784668, 299.0835734776088, 293.5507093157087, 100.07999420166016,FLYING
32.5890007019043, 299.1542870657785, 290.3685978480747, 100.07999420166016,FLYING
32.689998626708984, 299.29856981549943, 286.9058118547712, 100.07999420166016,FLYING
32.790000915527344, 299.5128604343959, 282.9771505083356, 100.07999420166016,FLYING
32.89099884033203, 299.8014259338379, 278.9372335161481, 100.07999420166016,FLYING
32.9900016784668, 300.0842911856515, 274.69425473894387, 100.07999420166016,FLYING
33.09000015258789, 300.3700011117118, 270.4086058480398, 100.07999420166016,FLYING
33.189998626708984, 300.6557110377721, 266.1229569571358, 100.07999420166016,FLYING
33.28900146484375, 300.93857628958574, 261.8799781799315, 100.07999420166016,FLYING
33.393001556396484, 300.93857628958574, 261.8799781799315, 100.07999420166016,FLYING
33.49100112915039, 300.93857628958574, 261.8799781799315, 100.07999420166016,FLYING
33.590999603271484, 300.93857628958574, 261.8799781799315, 100.07999420166016,FLYING
33.689998626708984, 300.93857628958574, 261.8799781799315, 100.07999420166016,FLYING
33.78900146484375, 300.93857628958574, 261.8799781799315, 100.07999420166016,FLYING
33.88999938964844, 300.93857628958574, 261.8799781799315, 100.07999420166016,FLYING
33.9900016784668, 300.93857628958574, 261.8799781799315, 100.07999420166016,FLYING
34.09000015258789, 300.93857628958574, 261.8799781799315, 100.07999420166016,FLYING
34.18899917602539, 300.93857628958574, 261.8799781799315, 100.07999420166016,FLYING
34.29199981689453, 300.93857628958574, 261.8799781799315, 100.07999420166016,FLYING
34.38999938964844, 300.93857628958574, 261.8799781799315, 100.07999420166016,FLYING
34.492000579833984, 300.93857628958574, 261.8799781799315, 100.07999420166016,FLYING
34.590999603271484, 302.91855675833574, 261.597123827253, 100.07999420166016,FLYING
34.689998626708984, 306.1713818141393, 261.0314151218958, 100.07999420166016,FLYING
34.79100036621094, 310.6443159920829, 260.38211822509754, 100.07999420166016,FLYING
34.88999938964844, 315.31141281127935, 259.74569593157076, 100.07999420166016,FLYING
34.9900016784668, 320.025806427002, 259.1028240748813, 100.07999420166016,FLYING
35.09000015258789, 324.7400202069964, 258.4599767412457, 100.07999420166016,FLYING
35.19300079345703, 329.595764705113, 257.79782976422985, 100.07999420166016,FLYING
35.29100036621094, 334.21574456351146, 257.1678325108119, 100.07999420166016,FLYING
35.38999938964844, 338.8828413827079, 256.5314102172851, 100.07999420166016,FLYING
35.4900016784668, 343.59723499843057, 255.88853836059565, 100.07999420166016,FLYING
35.59000015258789, 348.31144877842496, 255.24569102696003, 100.07999420166016,FLYING
35.689998626708984, 353.02566255841936, 254.60284369332442, 100.07999420166016,FLYING
35.78900146484375, 357.692939213344, 253.96639687674377, 100.07999420166016,FLYING
35.88999938964844, 362.4542699541364, 253.31712450299935, 100.07999420166016,FLYING
35.9900016784668, 367.16866356985906, 252.6742526463099, 100.07999420166016,FLYING
36.09400177001953, 372.0715250287737, 252.00568062918518, 100.07999420166016,FLYING
36.189998626708984, 376.5970911298479, 251.3885579790387, 100.07999420166016,FLYING
36.29100036621094, 381.50288990565707, 250.88354928152893, 100.07999420166016,FLYING
36.38999938964844, 384.47286060878207, 250.45926775251107, 100.07999420166016,FLYING
36.4900016784668, 386.0443251473563, 249.95925630841927, 100.07999420166016,FLYING
36.59000015258789, 386.75859996250693, 249.4592639378138, 100.07999420166016,FLYING
36.69300079345703, 386.24359675816123, 248.9442607334681, 100.07999420166016,FLYING
36.79100036621094, 384.56360408238, 248.5242625645228, 100.07999420166016,FLYING
36.88999938964844, 382.5129100254603, 248.17069462367456, 100.07999420166016,FLYING
36.9900016784668, 379.6557017735072, 247.81354359218042, 100.07999420166016,FLYING
37.09299850463867, 375.60939788818354, 247.44569778442371, 100.07999420166016,FLYING
37.19300079345703, 371.32358551025385, 247.08854675292957, 100.07999420166016,FLYING
37.290000915527344, 367.0971516200474, 246.7421177455356, 100.07999420166016,FLYING
37.38999938964844, 362.7400752476283, 246.3849803379603, 100.07999420166016,FLYING
37.4900016784668, 358.38283266339977, 246.02782930646615, 100.07999420166016,FLYING
37.595001220703125, 353.8078526088169, 245.6528309413364, 100.07999420166016,FLYING
37.69200134277344, 349.58141871861045, 245.30640193394242, 100.07999420166016,FLYING
37.790000915527344, 345.3114373343331, 244.95640345982133, 100.07999420166016,FLYING
37.888999938964844, 340.9979084559849, 244.6028355189731, 100.07999420166016,FLYING
37.9900016784668, 336.5971183776855, 244.24211502075184, 100.07999420166016,FLYING
38.09199905395508, 332.1529470171247, 243.87783867972226, 100.07999420166016,FLYING
38.19200134277344, 328.0814252580915, 246.5207563127789, 100.07999420166016,FLYING
38.29100036621094, 324.9700273786272, 249.56144060407354, 100.07999420166016,FLYING
38.388999938964844, 322.3800386701311, 252.85142626081182, 100.07999420166016,FLYING
38.49399948120117, 320.3550474984305, 256.7514092581612, 100.07999420166016,FLYING
38.59299850463867, 318.72863497052873, 260.5699430193219, 100.07999420166016,FLYING
38.689998626708984, 317.8972053527832, 264.8656627110072, 100.07999420166016,FLYING
38.790000915527344, 317.75434494018555, 269.4371959141322, 100.07999420166016,FLYING
38.888999938964844, 317.8957721165248, 274.03357914515897, 100.07999420166016,FLYING
38.99300003051758, 318.4157725742885, 278.8621548243931, 100.07999420166016,FLYING
39.09199905395508, 319.4057628086635, 283.2463972909109, 100.07999420166016,FLYING
39.18899917602539, 320.7914788382394, 287.4035453796386, 100.07999420166016,FLYING
39.290000915527344, 323.10009002685547, 291.15503856113975, 100.07999420166016,FLYING
39.39400100708008, 326.0715212140764, 294.79504176548545, 100.07999420166016,FLYING
39.4900016784668, 329.6372604370117, 297.3322023664202, 100.07999420166016,FLYING
39.590999603271484, 334.0378843035017, 299.13573673793246, 100.07999420166016,FLYING
39.689998626708984, 338.70498112269814, 300.408581324986, 100.07999420166016,FLYING
39.790000915527344, 343.4193747384208, 301.6943250383649, 100.07999420166016,FLYING
39.893001556396484, 348.2751192365374, 303.01861899239674, 100.07999420166016,FLYING
39.99100112915039, 352.89509909493586, 304.2786134992327, 100.07999420166016,FLYING
40.09000015258789, 357.5621959141323, 305.55145808628623, 100.07999420166016,FLYING
40.189998626708984, 362.2764096941267, 306.83715275355746, 100.07999420166016,FLYING
40.29199981689453, 367.0850372314453, 308.14859662737166, 100.07999420166016,FLYING
40.38999938964844, 371.70501708984375, 309.4085911342076, 100.07999420166016,FLYING
40.48899841308594, 371.70501708984375, 309.4085911342076, 100.07999420166016,FLYING
40.590999603271484, 371.70501708984375, 309.4085911342076, 100.07999420166016,FLYING
40.689998626708984, 371.70501708984375, 309.4085911342076, 100.07999420166016,FLYING
40.79199981689453, 371.70501708984375, 309.4085911342076, 100.07999420166016,FLYING
40.88999938964844, 371.70501708984375, 309.4085911342076, 100.07999420166016,FLYING
40.99100112915039, 371.70501708984375, 309.4085911342076, 100.07999420166016,FLYING
41.09000015258789, 371.70501708984375, 309.4085911342076, 100.07999420166016,FLYING
41.189998626708984, 371.70501708984375, 309.4085911342076, 100.07999420166016,FLYING
41.290000915527344, 371.70501708984375, 309.4085911342076, 100.07999420166016,FLYING
41.38999938964844, 371.70501708984375, 309.4085911342076, 100.07999420166016,FLYING
41.48899841308594, 371.70501708984375, 309.4085911342076, 100.07999420166016,FLYING
41.59000015258789, 371.70501708984375, 309.4085911342076, 100.07999420166016,FLYING
41.689998626708984, 371.70501708984375, 309.4085911342076, 100.07999420166016,FLYING
41.790000915527344, 371.70501708984375, 309.4085911342076, 100.07999420166016,FLYING
41.89099884033203, 371.70501708984375, 309.4085911342076, 100.07999420166016,FLYING
41.99100112915039, 371.70501708984375, 309.4085911342076, 100.07999420166016,FLYING
42.09000015258789, 371.70501708984375, 309.4085911342076, 100.07999420166016,FLYING
42.189998626708984, 371.70501708984375, 309.4085911342076, 100.07999420166016,FLYING
42.28900146484375, 371.70501708984375, 309.4085911342076, 100.07999420166016,FLYING
42.388999938964844, 371.70501708984375, 309.4085911342076, 100.07999420166016,FLYING
42.49399948120117, 371.70501708984375, 309.4085911342076, 100.07999420166016,FLYING
42.590999603271484, 371.70501708984375, 309.4085911342076, 100.07999420166016,FLYING
42.691001892089844, 371.70501708984375, 309.4085911342076, 100.07999420166016,FLYING
42.790000915527344, 371.70501708984375, 309.4085911342076, 100.07999420166016,FLYING
42.88999938964844, 371.70501708984375, 309.4085911342076, 100.07999420166016,FLYING
42.99100112915039, 371.70501708984375, 309.4085911342076, 100.07999420166016,FLYING
43.09000015258789, 371.70501708984375, 309.4085911342076, 100.07999420166016,FLYING
43.189998626708984, 371.70501708984375, 309.4085911342076, 100.07999420166016,FLYING
43.290000915527344, 371.70501708984375, 309.4085911342076, 100.07999420166016,FLYING
43.391998291015625, 371.70501708984375, 309.4085911342076, 100.07999420166016,FLYING
43.49100112915039, 371.70501708984375, 309.4085911342076, 100.07999420166016,FLYING
43.590999603271484, 371.70501708984375, 309.4085911342076, 100.07999420166016,FLYING
43.691001892089844, 371.70501708984375, 309.4085911342076, 100.07999420166016,FLYING
43.790000915527344, 371.70501708984375, 309.4085911342076, 100.07999420166016,FLYING
43.88999938964844, 371.70501708984375, 309.4085911342076, 100.07999420166016,FLYING
43.99100112915039, 371.70501708984375, 309.4085911342076, 100.13770948137555,FLYING
44.0890007019043, 371.70501708984375, 309.4085911342076, 100.2497089930943,FLYING
44.18899917602539, 371.70501708984375, 309.4085911342076, 100.36399296351841,FLYING
44.29399871826172, 371.70501708984375, 309.4085911342076, 100.48399244035993,FLYING
44.39099884033203, 371.70501708984375, 309.4085911342076, 100.594849722726,FLYING
44.4900016784668, 371.70501708984375, 309.4085911342076, 100.7362823486328,FLYING
44.590999603271484, 371.70501708984375, 309.4085911342076, 100.90942164829798,FLYING
44.691001892089844, 371.70501708984375, 309.4085911342076, 101.08085414341517,FLYING
44.792999267578125, 371.70501708984375, 309.4085911342076, 101.25570678710936,FLYING
44.89099884033203, 371.70501708984375, 309.4085911342076, 101.42370605468749,FLYING
44.9900016784668, 371.70501708984375, 309.4085911342076, 101.62171173095702,FLYING
45.090999603271484, 371.70501708984375, 309.4085911342076, 101.82370758056639,FLYING
45.19300079345703, 371.70501708984375, 309.4085911342076, 102.02770996093749,FLYING
45.29199981689453, 371.70501708984375, 309.4085911342076, 102.22570800781249,FLYING
45.38999938964844, 371.70501708984375, 309.4085911342076, 102.4217071533203,FLYING
45.49100112915039, 371.70501708984375, 309.4085911342076, 102.6237106323242,FLYING
45.59000015258789, 371.70501708984375, 309.4085911342076, 102.8217086791992,FLYING
45.689998626708984, 371.70501708984375, 309.4085911342076, 103.02170562744139,FLYING
45.79100036621094, 371.70501708984375, 309.4085911342076, 103.2237091064453,FLYING
45.88999938964844, 371.70501708984375, 309.4085911342076, 103.4217071533203,FLYING
45.98899841308594, 371.70501708984375, 309.4085911342076, 103.676276070731,FLYING
46.09299850463867, 371.70501708984375, 309.4085911342076, 104.03284781319752,FLYING
46.19200134277344, 371.70501708984375, 309.4085911342076, 104.51371874128067,FLYING
46.290000915527344, 371.70501708984375, 309.4085911342076, 104.98971666608536,FLYING
46.391998291015625, 371.70501708984375, 309.4085911342076, 105.86397988455634,FLYING
46.4900016784668, 371.70501708984375, 309.4085911342076, 107.0680215018136,FLYING
46.59400177001953, 371.70501708984375, 309.4085911342076, 108.46459415980746,FLYING
46.68899917602539, 371.70501708984375, 309.4085911342076, 109.82169995989116,FLYING
46.790000915527344, 371.70501708984375, 309.4085911342076, 111.46658543178012,FLYING
46.88999938964844, 371.70501708984375, 309.4085911342076, 113.23798697335378,FLYING
46.99300003051758, 371.70501708984375, 309.4085911342076, 115.15085601806639,FLYING
47.09000015258789, 371.70501708984375, 309.4085911342076, 116.98000117710657,FLYING
47.18899917602539, 371.70501708984375, 309.4085911342076, 118.84683990478514,FLYING
47.29100036621094, 371.70501708984375, 309.4085911342076, 120.7702909197126,FLYING
47.391998291015625, 371.70501708984375, 309.4085911342076, 122.70367976597376,FLYING
47.49100112915039, 371.70501708984375, 309.4085911342076, 124.59887695312499,FLYING
47.59199905395508, 371.70501708984375, 309.4085911342076, 126.53226579938615,FLYING
47.691001892089844, 371.70501708984375, 309.4085911342076, 128.45574951171875,FLYING
47.78900146484375, 371.70501708984375, 309.4085911342076, 130.3597412109375,FLYING
47.88999938964844, 371.70501708984375, 309.4085911342076, 132.32198660714286,FLYING
47.99100112915039, 371.70501708984375, 309.4085911342076, 134.2843061174665,FLYING
48.09000015258789, 371.70501708984375, 309.4085911342076, 136.23600115094865,FLYING
48.189998626708984, 371.70501708984375, 309.4085911342076, 138.2073996407645,FLYING
48.290000915527344, 371.70501708984375, 309.4085911342076, 140.17887333461215,FLYING
48.39099884033203, 371.70501708984375, 309.4085911342076, 142.1699752807617,FLYING
48.4900016784668, 371.70501708984375, 309.4085911342076, 144.12174551827565,FLYING
48.59000015258789, 371.70501708984375, 309.4085911342076, 146.09314400809149,FLYING
48.689998626708984, 371.70501708984375, 309.4085911342076, 148.06454249790733,FLYING
48.79100036621094, 371.70501708984375, 309.4085911342076, 150.05571964808868,FLYING
48.88999938964844, 371.70501708984375, 309.4085911342076, 152.00741468157082,FLYING
48.9900016784668, 371.70501708984375, 309.4085911342076, 153.97888837541848,FLYING
49.09000015258789, 371.70501708984375, 309.4085911342076, 155.95028686523432,FLYING
49.191001892089844, 371.70501708984375, 309.4085911342076, 157.94146401541568,FLYING
49.29100036621094, 371.70501708984375, 309.4085911342076, 159.91286250523152,FLYING
49.388999938964844, 371.70501708984375, 309.4085911342076, 161.84485408237995,FLYING
49.4900016784668, 371.70501708984375, 309.4085911342076, 163.8360312325613,FLYING
49.5890007019043, 371.70501708984375, 309.4085911342076, 165.78772626604345,FLYING
49.69200134277344, 371.70501708984375, 309.4085911342076, 167.8183103288922,FLYING
49.79100036621094, 371.70501708984375, 309.4085911342076, 169.77000536237435,FLYING
49.89099884033203, 371.70501708984375, 309.4085911342076, 171.7414038521902,FLYING
49.98899841308594, 371.70501708984375, 309.4085911342076, 173.67339542933863,FLYING
50.09000015258789, 371.70501708984375, 309.4085911342076, 175.66457257951998,FLYING
50.189998626708984, 371.70501708984375, 309.4085911342076, 177.63597106933582,FLYING
50.28900146484375, 371.70501708984375, 309.4085911342076, 179.58774130684978,FLYING
50.38999938964844, 371.70501708984375, 309.4085911342076, 181.57884325299932,FLYING
50.4900016784668, 371.70501708984375, 309.4085911342076, 182.80744280133916,FLYING
50.59600067138672, 371.70501708984375, 309.4085911342076, 183.92800358363547,FLYING
50.691001892089844, 371.70501708984375, 309.4085911342076, 184.1451492309569,FLYING
50.790000915527344, 371.70501708984375, 309.4085911342076, 184.31486184256403,FLYING
50.88999938964844, 371.70501708984375, 309.4085911342076, 184.22914886474595,FLYING
50.994998931884766, 371.70501708984375, 309.4085911342076, 184.28914860316672,FLYING
51.09000015258789, 371.70501708984375, 309.4085911342076, 184.5605806623185,FLYING
51.189998626708984, 371.70501708984375, 309.4085911342076, 185.78913334437766,FLYING
51.290000915527344, 371.70501708984375, 309.4085911342076, 187.04630497523704,FLYING
51.38999938964844, 371.70501708984375, 309.4085911342076, 188.56056758335646,FLYING
51.4900016784668, 371.70501708984375, 309.4085911342076, 190.21774836948927,FLYING
51.59000015258789, 371.70501708984375, 309.4085911342076, 191.96057891845692,FLYING
51.689998626708984, 371.70501708984375, 309.4085911342076, 193.73198046003057,FLYING
51.790000915527344, 371.70501708984375, 309.4085911342076, 195.5034495762415,FLYING
51.88999938964844, 371.70501708984375, 309.4085911342076, 197.27485111781516,FLYING
51.9900016784668, 371.70501708984375, 309.4085911342076, 199.0463202340261,FLYING
52.09000015258789, 371.70501708984375, 309.4085911342076, 200.81772177559975,FLYING
52.189998626708984, 371.70501708984375, 309.4085911342076, 202.5891233171734,FLYING
52.290000915527344, 371.70501708984375, 309.4085911342076, 202.5891233171734,FLYING
52.39099884033203, 371.70501708984375, 309.4085911342076, 202.5891233171734,FLYING
52.4900016784668, 371.70501708984375, 309.4085911342076, 202.5891233171734,FLYING
52.59000015258789, 371.70501708984375, 309.4085911342076, 202.5891233171734,FLYING
52.691001892089844, 371.70501708984375, 309.4085911342076, 202.5891233171734,FLYING
52.790000915527344, 371.70501708984375, 309.4085911342076, 202.5891233171734,FLYING
52.89099884033203, 371.70501708984375, 309.4085911342076, 202.5891233171734,FLYING
52.9900016784668, 371.70501708984375, 309.4085911342076, 202.5891233171734,FLYING
53.09000015258789, 371.70501708984375, 309.4085911342076, 202.5891233171734,FLYING
53.189998626708984, 371.70501708984375, 309.4085911342076, 202.5891233171734,FLYING
53.28900146484375, 371.70501708984375, 309.4085911342076, 202.5891233171734,FLYING
53.38999938964844, 371.70501708984375, 309.4085911342076, 202.5891233171734,FLYING
53.49100112915039, 371.70501708984375, 309.4085911342076, 202.5891233171734,FLYING
53.595001220703125, 371.70501708984375, 309.4085911342076, 202.5891233171734,FLYING
53.689998626708984, 371.70501708984375, 309.4085911342076, 202.5891233171734,FLYING
53.78900146484375, 371.70501708984375, 309.4085911342076, 202.5891233171734,FLYING
53.89099884033203, 371.70501708984375, 309.4085911342076, 202.5891233171734,FLYING
53.99100112915039, 371.70501708984375, 309.4085911342076, 202.5891233171734,FLYING
54.090999603271484, 371.70501708984375, 309.4085911342076, 202.5891233171734,FLYING
54.19200134277344, 371.70501708984375, 309.4085911342076, 202.5891233171734,FLYING
54.28900146484375, 371.70501708984375, 309.4085911342076, 202.5891233171734,FLYING
54.38999938964844, 371.70501708984375, 309.4085911342076, 202.5891233171734,FLYING
54.48899841308594, 371.70501708984375, 309.4085911342076, 202.5891233171734,FLYING
54.59000015258789, 371.70501708984375, 309.4085911342076, 202.5891233171734,FLYING
54.689998626708984, 371.70501708984375, 309.4085911342076, 202.5891233171734,FLYING
54.792999267578125, 371.70501708984375, 309.4085911342076, 202.5891233171734,FLYING
54.89400100708008, 371.70501708984375, 309.4085911342076, 202.5891233171734,FLYING
54.9900016784668, 371.70501708984375, 309.4085911342076, 202.5891233171734,FLYING
55.09199905395508, 371.70501708984375, 309.4085911342076, 202.5891233171734,FLYING
55.191001892089844, 371.70501708984375, 309.4085911342076, 202.5891233171734,FLYING
55.290000915527344, 371.70501708984375, 309.4085911342076, 202.5891233171734,FLYING
55.38999938964844, 371.70501708984375, 309.4085911342076, 202.7034072875975,FLYING
55.492000579833984, 371.70501708984375, 309.4085911342076, 203.490273611886,FLYING
55.59000015258789, 371.70501708984375, 309.4085911342076, 204.97426714215945,FLYING
55.69300079345703, 371.70501708984375, 309.4085911342076, 206.94599369594013,FLYING
55.792999267578125, 371.70501708984375, 309.4085911342076, 208.86025020054393,FLYING
55.88999938964844, 371.70501708984375, 309.4085911342076, 210.71710968017564,FLYING
55.9900016784668, 371.70501708984375, 309.4085911342076, 212.63143920898423,FLYING
56.09199905395508, 371.70501708984375, 309.4085911342076, 214.58396039690277,FLYING
56.191001892089844, 371.70501708984375, 309.4085911342076, 216.479157584054,FLYING
56.290000915527344, 371.70501708984375, 309.4085911342076, 218.37428174700042,FLYING
56.388999938964844, 371.70501708984375, 309.4085911342076, 220.26940590994684,FLYING
56.49399948120117, 371.70501708984375, 309.4085911342076, 222.27939714704226,FLYING
56.59000015258789, 371.70501708984375, 309.4085911342076, 224.1171242850166,FLYING
56.691001892089844, 371.70501708984375, 309.4085911342076, 226.05058615548253,FLYING
56.78900146484375, 371.70501708984375, 309.4085911342076, 227.9265779767716,FLYING
56.88999938964844, 371.70501708984375, 309.4085911342076, 229.85996682303275,FLYING
56.9900016784668, 371.70501708984375, 309.4085911342076, 231.77429635184134,FLYING
57.090999603271484, 371.70501708984375, 309.4085911342076, 233.7076851981025,FLYING
57.18899917602539, 371.70501708984375, 309.4085911342076, 235.58367701939156,FLYING
57.29100036621094, 371.70501708984375, 309.4085911342076, 237.5362712315149,FLYING
57.393001556396484, 371.70501708984375, 309.4085911342076, 239.48886544363822,FLYING
57.49100112915039, 371.70501708984375, 309.4085911342076, 241.36485726492728,FLYING
57.590999603271484, 371.70501708984375, 309.4085911342076, 243.27911376953108,FLYING
57.689998626708984, 371.70501708984375, 309.4085911342076, 245.1742379324775,FLYING
57.790000915527344, 371.70501708984375, 309.4085911342076, 247.0885674612861,FLYING
57.89099884033203, 371.70501708984375, 309.4085911342076, 249.02195630754724,FLYING
57.99100112915039, 371.70501708984375, 309.4085911342076, 250.93628583635584,FLYING
58.09000015258789, 371.70501708984375, 309.4085911342076, 252.83140999930225,FLYING
58.189998626708984, 371.70501708984375, 309.4085911342076, 254.74566650390605,FLYING
58.292999267578125, 371.70501708984375, 309.4085911342076, 256.71739305768676,FLYING
58.39099884033203, 371.70501708984375, 309.4085911342076, 258.5933848789758,FLYING
58.49100112915039, 371.70501708984375, 309.4085911342076, 260.5077144077844,FLYING
58.59000015258789, 371.70501708984375, 309.4085911342076, 262.40283857073086,FLYING
58.689998626708984, 371.70501708984375, 309.4085911342076, 264.31709507533463,FLYING
58.792999267578125, 371.70501708984375, 309.4085911342076, 266.2888216291153,FLYING
58.89099884033203, 371.70501708984375, 309.4085911342076, 268.1648134504044,FLYING
58.9900016784668, 371.70501708984375, 309.4085911342076, 270.0600106375556,FLYING
59.09000015258789, 371.70501708984375, 309.4085911342076, 271.97426714215936,FLYING
59.189998626708984, 371.70501708984375, 309.4085911342076, 273.88852364676313,FLYING
59.29199981689453, 371.70501708984375, 309.4085911342076, 275.84111785888643,FLYING
59.39099884033203, 371.70501708984375, 309.4085911342076, 277.7362420218329,FLYING
59.4900016784668, 371.70501708984375, 309.4085911342076, 279.6314392089841,FLYING
59.59000015258789, 371.70501708984375, 309.4085911342076, 281.54569571358786,FLYING
59.69300079345703, 371.70501708984375, 309.4085911342076, 283.51742226736854,FLYING
59.790000915527344, 371.70501708984375, 309.4085911342076, 285.3742817470002,FLYING
59.89099884033203, 371.70501708984375, 309.4085911342076, 287.3076705932614,FLYING
59.9900016784668, 371.70501708984375, 309.4085911342076, 289.2028677804126,FLYING
60.09000015258789, 371.70501708984375, 309.4085911342076, 291.11712428501636,FLYING
60.18899917602539, 371.70501708984375, 309.4085911342076, 293.0122484479628,FLYING
60.290000915527344, 371.70501708984375, 309.4085911342076, 294.9457103184288,FLYING
60.39099884033203, 371.70501708984375, 309.4085911342076, 296.87909916468993,FLYING
60.4900016784668, 371.70501708984375, 309.4085911342076, 298.77429635184114,FLYING
60.59299850463867, 371.70501708984375, 309.4085911342076, 300.74594988141706,FLYING
60.691001892089844, 371.70501708984375, 309.4085911342076, 302.62201472691095,FLYING
60.78900146484375, 371.70501708984375, 309.4085911342076, 304.4980065482,FLYING
60.88999938964844, 371.70501708984375, 309.4085911342076, 306.43139539446116,FLYING
60.99399948120117, 371.70501708984375, 309.4085911342076, 308.42225428989923,FLYING
61.09000015258789, 371.70501708984375, 309.4085911342076, 310.2599814278736,FLYING
61.189998626708984, 371.70501708984375, 309.4085911342076, 312.17423793247735,FLYING
61.290000915527344, 371.70501708984375, 309.4085911342076, 314.08856746128595,FLYING
61.38999938964844, 371.70501708984375, 309.4085911342076, 316.0028239658897,FLYING
61.49399948120117, 371.70501708984375, 309.4085911342076, 317.9936828613278,FLYING
61.59000015258789, 371.70501708984375, 309.4085911342076, 319.83140999930214,FLYING
61.691001892089844, 371.70501708984375, 309.4085911342076, 321.7648718697681,FLYING
61.78900146484375, 371.70501708984375, 309.4085911342076, 323.6408636910572,FLYING
61.88999938964844, 371.70501708984375, 309.4085911342076, 325.57425253731833,FLYING
61.98899841308594, 371.70501708984375, 309.4085911342076, 327.4693767002648,FLYING
62.09199905395508, 371.70501708984375, 309.4085911342076, 329.44110325404546,FLYING
62.18899917602539, 371.70501708984375, 309.4085911342076, 331.29796273367714,FLYING
62.290000915527344, 371.70501708984375, 309.4085911342076, 333.2314246041431,FLYING
62.39400100708008, 371.70501708984375, 309.4085911342076, 335.2222834995812,FLYING
62.49100112915039, 371.70501708984375, 309.4085911342076, 337.07914297921286,FLYING
62.590999603271484, 371.70501708984375, 309.4085911342076, 338.96482849121065,FLYING
62.689998626708984, 371.70501708984375, 309.4085911342076, 339.5305371965678,FLYING
62.792999267578125, 371.70501708984375, 309.4085911342076, 339.7071097237721,FLYING
62.88999938964844, 371.70501708984375, 309.4085911342076, 339.4576808384484,FLYING
62.9900016784668, 371.70501708984375, 309.4085911342076, 338.6005183628625,FLYING
63.090999603271484, 371.70501708984375, 309.4085911342076, 337.503969464983,FLYING
63.189998626708984, 371.70501708984375, 309.4085911342076, 336.00484139578657,FLYING
63.290000915527344, 371.70501708984375, 309.4085911342076, 334.2905164446147,FLYING
63.39099884033203, 371.70501708984375, 309.4085911342076, 332.35712759835354,FLYING
63.49100112915039, 371.70501708984375, 309.4085911342076, 330.4142259870254,FLYING
63.5890007019043, 371.70501708984375, 309.4085911342076, 328.51023428780667,FLYING
63.691001892089844, 371.70501708984375, 309.4085911342076, 326.5284968784875,FLYING
63.79600143432617, 371.70501708984375, 309.4085911342076, 324.48850577218167,FLYING
63.89099884033203, 371.70501708984375, 309.4085911342076, 322.6428418840678,FLYING
63.98899841308594, 371.70501708984375, 309.4085911342076, 320.73885018484907,FLYING
64.08999633789062, 371.70501708984375, 309.4085911342076, 318.77660478864374,FLYING
64.18900299072266, 371.70501708984375, 309.4085911342076, 316.8530469621928,FLYING
64.29299926757812, 371.70501708984375, 309.4085911342076, 314.83254786900085,FLYING
64.39099884033203, 371.70501708984375, 309.4085911342076, 312.9285561697821,FLYING
64.48899841308594, 371.70501708984375, 309.4085911342076, 311.02456447056335,FLYING
64.58899688720703, 371.70501708984375, 309.4085911342076, 309.08173697335354,FLYING
64.69000244140625, 371.70501708984375, 309.4085911342076, 307.11934334891157,FLYING
64.79100036621094, 371.70501708984375, 309.4085911342076, 305.15709795270624,FLYING
64.88899993896484, 371.70501708984375, 309.4085911342076, 303.2531062534875,FLYING
64.99199676513672, 371.70501708984375, 309.4085911342076, 301.25202505929104,FLYING
65.08999633789062, 371.70501708984375, 309.4085911342076, 299.3480333600723,FLYING
65.19100189208984, 371.70501708984375, 309.4085911342076, 297.3856397356303,FLYING
65.29100036621094, 371.70501708984375, 309.4085911342076, 295.72852216448075,FLYING
65.39099884033203, 371.70501708984375, 309.4085911342076, 294.6999664306638,FLYING
65.48899841308594, 371.70501708984375, 309.4085911342076, 293.88796997070284,FLYING
65.59400177001953, 371.70501708984375, 309.4085911342076, 293.0479431152341,FLYING
65.69100189208984, 371.70501708984375, 309.4085911342076, 292.29965645926313,FLYING
65.79000091552734, 371.70501708984375, 309.4085911342076, 292.29965645926313,FLYING
65.88999938964844, 371.70501708984375, 309.4085911342076, 292.29965645926313,FLYING
65.98999786376953, 371.70501708984375, 309.4085911342076, 292.29965645926313,FLYING
66.09100341796875, 371.70501708984375, 309.4085911342076, 292.29965645926313,FLYING
66.19000244140625, 371.70501708984375, 309.4085911342076, 292.29965645926313,FLYING
66.29000091552734, 371.70501708984375, 309.4085911342076, 292.29965645926313,FLYING
66.38999938964844, 371.70501708984375, 309.4085911342076, 292.29965645926313,FLYING
66.49299621582031, 371.70501708984375, 309.4085911342076, 292.29965645926313,FLYING
66.59200286865234, 371.70501708984375, 309.4085911342076, 290.3195234026225,LANDING
66.69000244140625, 371.70501708984375, 309.4085911342076, 288.3595319475444,LANDING
66.79000091552734, 371.70501708984375, 309.4085911342076, 286.3595624651225,LANDING
66.89099884033203, 371.70501708984375, 309.4085911342076, 284.33960396902876,LANDING
66.99199676513672, 371.70501708984375, 309.4085911342076, 282.319645472935,LANDING
67.08999633789062, 371.70501708984375, 309.4085911342076, 280.3596540178569,LANDING
67.19000244140625, 371.70501708984375, 309.4085911342076, 278.3595319475444,LANDING
67.29000091552734, 371.70501708984375, 309.4085911342076, 276.3595624651225,LANDING
67.38999938964844, 371.70501708984375, 309.4085911342076, 274.35959298270063,LANDING
67.48999786376953, 371.70501708984375, 309.4085911342076, 272.35962350027876,LANDING
67.58999633789062, 371.70501708984375, 309.4085911342076, 270.3596540178569,LANDING
67.68900299072266, 371.70501708984375, 309.4085911342076, 268.37952096121626,LANDING
67.79000091552734, 371.70501708984375, 309.4085911342076, 266.3595624651225,LANDING
67.88999938964844, 371.70501708984375, 309.4085911342076, 264.35959298270063,LANDING
67.99299621582031, 371.70501708984375, 309.4085911342076, 262.29965645926313,LANDING
68.08899688720703, 371.70501708984375, 309.4085911342076, 260.37964303152876,LANDING
68.19000244140625, 371.70501708984375, 309.4085911342076, 258.3595319475444,LANDING
68.29000091552734, 371.70501708984375, 309.4085911342076, 256.3595624651225,LANDING
68.38899993896484, 371.70501708984375, 309.4085911342076, 254.3795819963725,LANDING
68.49400329589844, 371.70501708984375, 309.4085911342076, 252.27951485770063,LANDING
68.59200286865234, 371.70501708984375, 309.4085911342076, 250.3195234026225,LANDING
68.68900299072266, 371.70501708984375, 309.4085911342076, 248.37952096121626,LANDING
68.79000091552734, 371.70501708984375, 309.4085911342076, 246.3595624651225,LANDING
68.88999938964844, 371.70501708984375, 309.4085911342076, 244.35959298270063,LANDING
68.98999786376953, 371.70501708984375, 309.4085911342076, 242.35962350027876,LANDING
69.08999633789062, 371.70501708984375, 309.4085911342076, 240.35965401785688,LANDING
69.19100189208984, 371.70501708984375, 309.4085911342076, 238.3395429338725,LANDING
69.28900146484375, 371.70501708984375, 309.4085911342076, 236.37955147879438,LANDING
69.3949966430664, 371.70501708984375, 309.4085911342076, 234.25964791434126,LANDING
69.49099731445312, 371.70501708984375, 309.4085911342076, 232.33963448660688,LANDING
69.58999633789062, 371.70501708984375, 309.4085911342076, 230.35965401785688,LANDING
69.68900299072266, 371.70501708984375, 309.4085911342076, 228.37952096121626,LANDING
69.79000091552734, 371.70501708984375, 309.4085911342076, 226.3595624651225,LANDING
69.89199829101562, 371.70501708984375, 309.4085911342076, 224.31961495535688,LANDING
69.98899841308594, 371.70501708984375, 309.4085911342076, 222.37961251395063,LANDING
70.09100341796875, 371.70501708984375, 309.4085911342076, 220.33951241629438,LANDING
70.19000244140625, 371.70501708984375, 309.4085911342076, 218.35953194754438,LANDING
70.29299926757812, 371.70501708984375, 309.4085911342076, 216.29959542410688,LANDING
70.39099884033203, 371.70501708984375, 309.4085911342076, 214.33960396902876,LANDING
70.48999786376953, 371.70501708984375, 309.4085911342076, 212.35962350027876,LANDING
70.58999633789062, 371.70501708984375, 309.4085911342076, 210.35965401785688,LANDING
70.69000244140625, 371.70501708984375, 309.4085911342076, 208.35953194754438,LANDING
70.79100036621094, 371.70501708984375, 309.4085911342076, 206.33957345145063,LANDING
70.88999938964844, 371.70501708984375, 309.4085911342076, 204.35959298270063,LANDING
70.98999786376953, 371.70501708984375, 309.4085911342076, 202.35962350027876,LANDING
71.08999633789062, 371.70501708984375, 309.4085911342076, 200.35965401785688,LANDING
71.19400024414062, 371.70501708984375, 309.4085911342076, 198.27957589285688,LANDING
71.29199981689453, 371.70501708984375, 309.4085911342076, 196.31958443777876,LANDING
71.39099884033203, 371.70501708984375, 309.4085911342076, 194.33960396902876,LANDING
71.48999786376953, 371.70501708984375, 309.4085911342076, 192.35962350027876,LANDING
71.5999984741211, 371.70501708984375, 309.4085911342076, 190.1596112932475,LANDING
71.68900299072266, 371.70501708984375, 309.4085911342076, 188.37952096121626,LANDING
71.79100036621094, 371.70501708984375, 309.4085911342076, 186.33957345145063,LANDING
71.89099884033203, 371.70501708984375, 309.4085911342076, 184.33960396902876,LANDING
71.98999786376953, 371.70501708984375, 309.4085911342076, 182.35962350027876,LANDING
72.09500122070312, 371.70501708984375, 309.4085911342076, 180.25955636160688,LANDING
72.19000244140625, 371.70501708984375, 309.4085911342076, 178.35953194754438,LANDING
72.28900146484375, 371.70501708984375, 309.4085911342076, 176.37955147879438,LANDING
72.38899993896484, 371.70501708984375, 309.4085911342076, 174.3795819963725,LANDING
72.49299621582031, 371.70501708984375, 309.4085911342076, 172.29965645926313,LANDING
72.59200286865234, 371.70501708984375, 309.4085911342076, 170.3195234026225,LANDING
72.69100189208984, 371.70501708984375, 309.4085911342076, 168.3395429338725,LANDING
72.79000091552734, 371.70501708984375, 309.4085911342076, 166.3595624651225,LANDING
72.88999938964844, 371.70501708984375, 309.4085911342076, 164.35959298270063,LANDING
72.99099731445312, 371.70501708984375, 309.4085911342076, 162.33963448660688,LANDING
73.08999633789062, 371.70501708984375, 309.4085911342076, 160.35965401785688,LANDING
73.19100189208984, 371.70501708984375, 309.4085911342076, 158.3395429338725,LANDING
73.29000091552734, 371.70501708984375, 309.4085911342076, 156.3595624651225,LANDING
73.39199829101562, 371.70501708984375, 309.4085911342076, 154.31961495535688,LANDING
73.48999786376953, 371.70501708984375, 309.4085911342076, 152.35962350027876,LANDING
73.58999633789062, 371.70501708984375, 309.4085911342076, 150.35965401785688,LANDING
73.68900299072266, 371.70501708984375, 309.4085911342076, 148.37952096121626,LANDING
73.79299926757812, 371.70501708984375, 309.4085911342076, 146.29959542410688,LANDING
73.88999938964844, 371.70501708984375, 309.4085911342076, 144.35959298270063,LANDING
73.98999786376953, 371.70501708984375, 309.4085911342076, 142.35962350027876,LANDING
74.08999633789062, 371.70501708984375, 309.4085911342076, 140.35965401785688,LANDING
74.19000244140625, 371.70501708984375, 309.4085911342076, 138.35953194754438,LANDING
74.29299926757812, 371.70501708984375, 309.4085911342076, 136.29959542410688,LANDING
74.38999938964844, 371.70501708984375, 309.4085911342076, 134.35959298270063,LANDING
74.48999786376953, 371.70501708984375, 309.4085911342076, 132.35962350027876,LANDING
74.59100341796875, 371.70501708984375, 309.4085911342076, 130.33951241629438,LANDING
74.68900299072266, 371.70501708984375, 309.4085911342076, 128.37952096121626,LANDING
74.79100036621094, 371.70501708984375, 309.4085911342076, 126.33957345145063,LANDING
74.88999938964844, 371.70501708984375, 309.4085911342076, 124.35959298270063,LANDING
74.98999786376953, 371.70501708984375, 309.4085911342076, 122.35962350027876,LANDING
75.08899688720703, 371.70501708984375, 309.4085911342076, 120.37964303152876,LANDING
75.19000244140625, 371.70501708984375, 309.4085911342076, 118.35953194754438,LANDING
75.29299926757812, 371.70501708984375, 309.4085911342076, 116.29959542410688,LANDING
75.39099884033203, 371.70501708984375, 309.4085911342076, 114.33960396902876,LANDING
75.49099731445312, 371.70501708984375, 309.4085911342076, 112.33963448660688,LANDING
75.58899688720703, 371.70501708984375, 309.4085911342076, 110.37964303152876,LANDING
75.69300079345703, 371.70501708984375, 309.4085911342076, 108.29956490652876,LANDING
75.78900146484375, 371.70501708984375, 309.4085911342076, 106.37955147879438,LANDING
75.89099884033203, 371.70501708984375, 309.4085911342076, 104.33960396902876,LANDING
75.98899841308594, 371.70501708984375, 309.4085911342076, 102.37961251395063,LANDING
76.08999633789062, 371.70501708984375, 309.4085911342076, 100.35965401785688,LANDING
76.19100189208984, 371.70501708984375, 309.4085911342076, 98.33954293387251,LANDING
76.28900146484375, 371.70501708984375, 309.4085911342076, 96.37955147879438,LANDING
76.38999938964844, 371.70501708984375, 309.4085911342076, 94.35959298270063,LANDING
76.48999786376953, 371.70501708984375, 309.4085911342076, 92.35962350027876,LANDING
76.59100341796875, 371.70501708984375, 309.4085911342076, 90.33951241629438,LANDING
76.69000244140625, 371.70501708984375, 309.4085911342076, 88.35953194754438,LANDING
76.78900146484375, 371.70501708984375, 309.4085911342076, 86.37955147879438,LANDING
76.88999938964844, 371.70501708984375, 309.4085911342076, 84.35959298270063,LANDING
76.99700164794922, 371.70501708984375, 309.4085911342076, 82.21954781668501,LANDING
77.09600067138672, 371.70501708984375, 309.4085911342076, 80.23956734793501,LANDING
77.18900299072266, 371.70501708984375, 309.4085911342076, 78.37952096121626,LANDING
77.28900146484375, 371.70501708984375, 309.4085911342076, 76.37955147879438,LANDING
77.38999938964844, 371.70501708984375, 309.4085911342076, 74.35959298270063,LANDING
77.49199676513672, 371.70501708984375, 309.4085911342076, 72.31964547293501,LANDING
77.58899688720703, 371.70501708984375, 309.4085911342076, 70.37964303152876,LANDING
77.69000244140625, 371.70501708984375, 309.4085911342076, 68.35953194754438,LANDING
77.79000091552734, 371.70501708984375, 309.4085911342076, 66.35956246512251,LANDING
77.88999938964844, 371.70501708984375, 309.4085911342076, 64.35959298270063,LANDING
77.99400329589844, 371.70501708984375, 309.4085911342076, 62.27951485770063,LANDING
78.08899688720703, 371.70501708984375, 309.4085911342076, 60.37964303152876,LANDING
78.19000244140625, 371.70501708984375, 309.4085911342076, 58.35953194754438,LANDING
78.29000091552734, 371.70501708984375, 309.4085911342076, 56.35956246512251,LANDING
78.39399719238281, 371.70501708984375, 309.4085911342076, 54.27963692801313,LANDING
78.49099731445312, 371.70501708984375, 309.4085911342076, 52.33963448660688,LANDING
78.58999633789062, 371.70501708984375, 309.4085911342076, 50.35965401785688,LANDING
78.69000244140625, 371.70501708984375, 309.4085911342076, 48.35953194754438,LANDING
78.79299926757812, 371.70501708984375, 309.4085911342076, 46.29959542410688,LANDING
78.89099884033203, 371.70501708984375, 309.4085911342076, 44.33960396902876,LANDING
78.98999786376953, 371.70501708984375, 309.4085911342076, 42.35962350027876,LANDING
79.08899688720703, 371.70501708984375, 309.4085911342076, 40.37964303152876,LANDING
79.19100189208984, 371.70501708984375, 309.4085911342076, 38.33954293387251,LANDING
79.29000091552734, 371.70501708984375, 309.4085911342076, 36.35956246512251,LANDING
79.39099884033203, 371.70501708984375, 309.4085911342076, 34.33960396902876,LANDING
79.48999786376953, 371.70501708984375, 309.4085911342076, 32.35962350027876,LANDING
79.58999633789062, 371.70501708984375, 309.4085911342076, 30.359654017856883,LANDING
79.69300079345703, 371.70501708984375, 309.4085911342076, 28.299564906528758,LANDING
79.78900146484375, 371.70501708984375, 309.4085911342076, 26.379551478794383,LANDING
79.88999938964844, 371.70501708984375, 309.4085911342076, 24.359592982700633,LANDING
79.98999786376953, 371.70501708984375, 309.4085911342076, 22.359623500278758,LANDING
80.09400177001953, 371.70501708984375, 309.4085911342076, 20.279545375278758,LANDING
80.19300079345703, 371.70501708984375, 309.4085911342076, 18.299564906528758,LANDING
80.29000091552734, 371.70501708984375, 309.4085911342076, 16.359562465122508,LANDING
80.38999938964844, 371.70501708984375, 309.4085911342076, 14.359592982700633,LANDING
80.48999786376953, 371.70501708984375, 309.4085911342076, 12.359623500278758,LANDING
80.58999633789062, 371.70501708984375, 309.4085911342076, 10.359654017856883,LANDING
80.68900299072266, 371.70501708984375, 309.4085911342076, 8.379520961216258,LANDING
80.78900146484375, 371.70501708984375, 309.4085911342076, 6.379551478794383,LANDING
80.88899993896484, 371.70501708984375, 309.4085911342076, 4.379581996372508,LANDING
80.99400329589844, 371.70501708984375, 309.4085911342076, 2.279514857700633,LANDING
81.09200286865234, 371.70501708984375, 309.4085911342076, 0.319523402622508,LANDING
81.19100189208984, 371.70501708984375, 309.4085911342076, -1.660457066127492,LANDED
